Fight,Name,Job,DPS,Rank,patch_number
Black Cat,Rafa Vass,paladin,16997.463823367,46,7.1
Black Cat,Kaine Crimson,gunbreaker,16452.470765749,37,7.1
Black Cat,Rafa Vass,paladin,33449.9,53,7.1
Honey B. Lovely,Conrad Stormwall,darkknight,12676.898187213,0,7.1
Honey B. Lovely,Rafa Vass,paladin,16785.138068538,33,7.1
Honey B. Lovely,Conrad Stormwall,darkknight,29462,4,7.1
Black Cat,Sayo Aisaka,astrologian,10134.447458607,35,7.1
Black Cat,Poison Waffle,sage,14171.854057481,69,7.1
Black Cat,Sayo Aisaka,astrologian,24306.3,66,7.1
Honey B. Lovely,Sayo Aisaka,astrologian,10259.994488146,32,7.1
Honey B. Lovely,Fitz Lionheart,sage,11664.363823185,24,7.1
Honey B. Lovely,Sayo Aisaka,astrologian,21924.4,38,7.1
Black Cat,Soma Zero,machinist,22347.556916335,35,7.1
Black Cat,Vasz Ravenfall,ninja,19585.616026068,8,7.1
Black Cat,Dell Chan,redmage,22613.114681734,58,7.1
Black Cat,Nuharu Suzuka,viper,27471.750069094,61,7.1
Honey B. Lovely,Soma Zero,machinist,23485.920629836,39,7.1
Honey B. Lovely,Vasz Ravenfall,ninja,18740.491261656,1,7.1
Honey B. Lovely,Dell Chan,redmage,22675.357941748,47,7.1
Honey B. Lovely,Nuharu Suzuka,viper,25777.914528225,29,7.1
Black Cat,Rena Yuki,paladin,16631.397239863,40,7.1
Black Cat,Ai Tsukuyomi,warrior,13823.345780297,8,7.1
Black Cat,Rena Yuki,paladin,30454.7,27,7.1
Honey B. Lovely,Rena Yuki,paladin,14945.112632844,8,7.1
Honey B. Lovely,Ai Tsukuyomi,warrior,11546.330537441,0,7.1
Honey B. Lovely,Rena Yuki,paladin,26491.4,0,7.1
Black Cat,Bigon Truesilver,scholar,9444.8272415892,21,7.1
Black Cat,Angel Valentine,whitemage,6316.9742066196,0,7.1
Black Cat,Bigon Truesilver,scholar,15761.8,2,7.1
Honey B. Lovely,Bigon Truesilver,scholar,8411.5844258866,8,7.1
Honey B. Lovely,Nanako Nako,whitemage,12532.689939288,37,7.1
Honey B. Lovely,Bigon Truesilver,scholar,20944.3,25,7.1
Black Cat,Chaser Dc,dancer,18219.611691061,32,7.1
Black Cat,Rhaast Zenith,reaper,26092.987439743,66,7.1
Black Cat,Zion Zoen,viper,20794.118128049,5,7.1
Black Cat,Valkyries Zearaskia,pictomancer,23982.777762635,43,7.1
Honey B. Lovely,Chaser Dc,dancer,18225.314017069,19,7.1
Honey B. Lovely,Rhaast Zenith,reaper,25333.17001126,50,7.1
Honey B. Lovely,Zion Zoen,viper,21939.676392016,3,7.1
Honey B. Lovely,Valkyries Zearaskia,pictomancer,24156.424413421,34,7.1
Brute Bomber,Sabre Mau,paladin,16206.072908396,17,7.1
Brute Bomber,Cinna Nuko,warrior,17030.221876241,31,7.1
Brute Bomber,Sabre Mau,paladin,33236.3,37,7.1
Brute Bomber,Mayo Ne-z,astrologian,11331.566035629001,59,7.1
Brute Bomber,Koho Ori,scholar,10659.501848452,39,7.1
Brute Bomber,Mayo Ne-z,astrologian,21991.1,60,7.1
Brute Bomber,Rinnnu Rusk,summoner,21209.611771875,21,7.1
Brute Bomber,Burton Cliff,samurai,23502.167173336,10,7.1
Brute Bomber,Miru Tosu,dancer,17707.922910877,8,7.1
Brute Bomber,Maki Mutsuki,viper,28189.965160904,65,7.1
Brute Bomber,Sabre Mau,paladin,16206.072908396,17,7.1
Brute Bomber,Cinna Nuko,warrior,17030.221876241,31,7.1
Brute Bomber,Sabre Mau,paladin,33236.3,37,7.1
Brute Bomber,Mayo Ne-z,astrologian,11331.566035629001,59,7.1
Brute Bomber,Koho Ori,scholar,10659.501848452,39,7.1
Brute Bomber,Mayo Ne-z,astrologian,21991.1,60,7.1
Brute Bomber,Rinnnu Rusk,summoner,21209.611771875,21,7.1
Brute Bomber,Burton Cliff,samurai,23502.167173336,10,7.1
Brute Bomber,Miru Tosu,dancer,17707.922910877,8,7.1
Brute Bomber,Maki Mutsuki,viper,28189.965160904,65,7.1
Honey B. Lovely,Griller Two,paladin,16859.668735941,34,7.1
Honey B. Lovely,Dainen Two,warrior,15722.18300583,16,7.1
Honey B. Lovely,Griller Two,paladin,32581.9,36,7.1
Brute Bomber,Griller Two,paladin,16807.872547339,27,7.1
Brute Bomber,Dainen Two,warrior,16230.705145562,16,7.1
Brute Bomber,Griller Two,paladin,33038.6,33,7.1
Honey B. Lovely,Narcissa Black,whitemage,10950.529927924,14,7.1
Honey B. Lovely,Tekatemo Vanluan,sage,9092.3861279798,4,7.1
Honey B. Lovely,Narcissa Black,whitemage,20042.9,5,7.1
Brute Bomber,Luviane Two,whitemage,12609.384637814,35,7.1
Brute Bomber,Jorin Runir,sage,12476.404627593,36,7.1
Brute Bomber,Luviane Two,whitemage,25085.8,55,7.1
Honey B. Lovely,Stan Brigs,dragoon,20975.209235404,7,7.1
Honey B. Lovely,Ziwinius Kabalus,dancer,18028.033153426,17,7.1
Honey B. Lovely,Mega Minh,viper,24182.277980802,13,7.1
Honey B. Lovely,Lucas Rahl,pictomancer,22297.996015039,16,7.1
Brute Bomber,Minerva Adementar,bard,18973.777935143,28,7.1
Brute Bomber,Skeela Dreev,reaper,26358.24432165,65,7.1
Brute Bomber,Sarife Ignis,viper,25519.433038168,20,7.1
Brute Bomber,Shion Scarlet,pictomancer,24109.318149411,26,7.1
Honey B. Lovely,Griller Two,paladin,16859.668735941,34,7.1
Honey B. Lovely,Dainen Two,warrior,15722.18300583,16,7.1
Honey B. Lovely,Griller Two,paladin,32581.9,36,7.1
Brute Bomber,Griller Two,paladin,16807.872547339,27,7.1
Brute Bomber,Dainen Two,warrior,16230.705145562,16,7.1
Brute Bomber,Griller Two,paladin,33038.6,33,7.1
Honey B. Lovely,Narcissa Black,whitemage,10950.529927924,14,7.1
Honey B. Lovely,Tekatemo Vanluan,sage,9092.3861279798,4,7.1
Honey B. Lovely,Narcissa Black,whitemage,20042.9,5,7.1
Brute Bomber,Luviane Two,whitemage,12609.384637814,35,7.1
Brute Bomber,Jorin Runir,sage,12476.404627593,36,7.1
Brute Bomber,Luviane Two,whitemage,25085.8,55,7.1
Honey B. Lovely,Stan Brigs,dragoon,20975.209235404,7,7.1
Honey B. Lovely,Ziwinius Kabalus,dancer,18028.033153426,17,7.1
Honey B. Lovely,Mega Minh,viper,24182.277980802,13,7.1
Honey B. Lovely,Lucas Rahl,pictomancer,22297.996015039,16,7.1
Brute Bomber,Minerva Adementar,bard,18973.777935143,28,7.1
Brute Bomber,Skeela Dreev,reaper,26358.24432165,65,7.1
Brute Bomber,Sarife Ignis,viper,25519.433038168,20,7.1
Brute Bomber,Shion Scarlet,pictomancer,24109.318149411,26,7.1
Black Cat,Sena Defillrose,paladin,18112.57091966,66,7.1
Black Cat,Michel Oekaki,gunbreaker,17654.782778102,57,7.1
Black Cat,Sena Defillrose,paladin,35767.4,76,7.1
Honey B. Lovely,Sena Defillrose,paladin,18288.451714561,66,7.1
Honey B. Lovely,Michel Oekaki,gunbreaker,16840.94621041,37,7.1
Honey B. Lovely,Sena Defillrose,paladin,35129.4,67,7.1
Brute Bomber,Sena Defillrose,paladin,17860.985893848,52,7.1
Brute Bomber,Michel Oekaki,gunbreaker,16414.610720163,19,7.1
Brute Bomber,Sena Defillrose,paladin,34275.6,50,7.1
Wicked Thunder,Sena Defillrose,darkknight,18492.961826235,62,7.1
Wicked Thunder,Michel Oekaki,gunbreaker,16687.223482325,17,7.1
Wicked Thunder,Sena Defillrose,darkknight,35180.2,52,7.1
Black Cat,Mytake Kokusan,scholar,12272.14263847,67,7.1
Black Cat,Me Cab,whitemage,14513.082614694,77,7.1
Black Cat,Mytake Kokusan,scholar,26785.2,86,7.1
Honey B. Lovely,Mytake Kokusan,scholar,11212.528600003,49,7.1
Honey B. Lovely,Me Cab,whitemage,12204.785014318,31,7.1
Honey B. Lovely,Mytake Kokusan,scholar,23417.3,57,7.1
Brute Bomber,Mytake Kokusan,scholar,11776.358589513,66,7.1
Brute Bomber,Me Cab,whitemage,13395.918308542,53,7.1
Brute Bomber,Mytake Kokusan,scholar,25172.3,80,7.1
Wicked Thunder,Me Cab,astrologian,9638.5991912114,15,7.1
Wicked Thunder,Mytake Kokusan,scholar,10233.276702178,25,7.1
Wicked Thunder,Me Cab,astrologian,19871.9,22,7.1
Black Cat,Blanc Farfugium,bard,19618.922379004,59,7.1
Black Cat,Ponsuke Scheveornanco,ninja,23560.496904782,43,7.1
Black Cat,Rearea Eushelia,redmage,21048.302898015,38,7.1
Black Cat,Azuki N-,samurai,24040.331269855,29,7.1
Honey B. Lovely,Blanc Farfugium,bard,20020.081159253,57,7.1
Honey B. Lovely,Ponsuke Scheveornanco,ninja,24448.46603255,45,7.1
Honey B. Lovely,Rearea Eushelia,redmage,20346.099607155,14,7.1
Honey B. Lovely,Azuki N-,samurai,25427.751716,38,7.1
Brute Bomber,Blanc Farfugium,bard,20735.010213033,74,7.1
Brute Bomber,Ponsuke Scheveornanco,ninja,24266.502532448,39,7.1
Brute Bomber,Rearea Eushelia,redmage,22994.088286708,49,7.1
Brute Bomber,Azuki N-,samurai,25519.949030882,32,7.1
Wicked Thunder,Blanc Farfugium,bard,18009.668070078,9,7.1
Wicked Thunder,Ponsuke Scheveornanco,ninja,22549.927985719,9,7.1
Wicked Thunder,Rearea Eushelia,redmage,22031.045543791,22,7.1
Wicked Thunder,Azuki N-,samurai,24855.047916436,14,7.1
Honey B. Lovely,Cinnamon Vulpo,warrior,17106.098935333,43,7.1
Honey B. Lovely,Rau Geneva,gunbreaker,15689.791186455,16,7.1
Honey B. Lovely,Cinnamon Vulpo,warrior,32795.9,39,7.1
Brute Bomber,Cinnamon Vulpo,warrior,18357.397256853,69,7.1
Brute Bomber,Rau Geneva,gunbreaker,15437.288130303,8,7.1
Brute Bomber,Cinnamon Vulpo,warrior,33794.7,46,7.1
Honey B. Lovely,Yuriusa Satsuki,astrologian,8908.3099823974,12,7.1
Honey B. Lovely,Reia Alberich,scholar,10472.499804227,35,7.1
Honey B. Lovely,Yuriusa Satsuki,astrologian,19380.8,23,7.1
Brute Bomber,Yuriusa Satsuki,astrologian,9554.087251297,18,7.1
Brute Bomber,Reia Alberich,scholar,11940.901230483,70,7.1
Brute Bomber,Yuriusa Satsuki,astrologian,21495,53,7.1
Honey B. Lovely,Minami Mikado,monk,22924.955823321,20,7.1
Honey B. Lovely,Featherine Auau,redmage,22949.407757637,51,7.1
Honey B. Lovely,Rae Laveire,dancer,19307.3505228,36,7.1
Honey B. Lovely,Alterna Ploa,viper,25149.953125402,22,7.1
Brute Bomber,Minami Mikado,monk,24736.849251784,43,7.1
Brute Bomber,Featherine Auau,redmage,19924.853687756,7,7.1
Brute Bomber,Rae Laveire,dancer,20221.908341189,50,7.1
Brute Bomber,Alterna Ploa,viper,26926.480043131,40,7.1
Honey B. Lovely,Cinnamon Vulpo,warrior,17106.098935333,43,7.1
Honey B. Lovely,Rau Geneva,gunbreaker,15689.791186455,16,7.1
Honey B. Lovely,Cinnamon Vulpo,warrior,32795.9,39,7.1
Honey B. Lovely,Yuriusa Satsuki,astrologian,8908.3099823974,12,7.1
Honey B. Lovely,Reia Alberich,scholar,10472.499804227,35,7.1
Honey B. Lovely,Yuriusa Satsuki,astrologian,19380.8,23,7.1
Honey B. Lovely,Minami Mikado,monk,22924.955823321,20,7.1
Honey B. Lovely,Featherine Auau,redmage,22949.407757637,51,7.1
Honey B. Lovely,Rae Laveire,dancer,19307.3505228,36,7.1
Honey B. Lovely,Alterna Ploa,viper,25149.953125402,22,7.1
Black Cat,Discord Femhroth,warrior,15724.356441762,28,7.1
Black Cat,Illusion Dragonsbane,gunbreaker,17853.032774402,60,7.1
Black Cat,Discord Femhroth,warrior,33577.4,60,7.1
Honey B. Lovely,Discord Femhroth,warrior,17610.546981832,55,7.1
Honey B. Lovely,Illusion Dragonsbane,gunbreaker,18248.376636062,67,7.1
Honey B. Lovely,Discord Femhroth,warrior,35858.9,80,7.1
Brute Bomber,Discord Femhroth,warrior,17423.781166518,42,7.1
Brute Bomber,Illusion Dragonsbane,gunbreaker,17398.957624011,40,7.1
Brute Bomber,Discord Femhroth,warrior,34822.7,63,7.1
Wicked Thunder,Discord Femhroth,warrior,17061.259086264,26,7.1
Wicked Thunder,Illusion Dragonsbane,gunbreaker,16644.231872756,17,7.1
Wicked Thunder,Discord Femhroth,warrior,33705.5,33,7.1
Black Cat,Bingo Ingo,astrologian,12426.782352279,80,7.1
Black Cat,Slate Mnemosyne,scholar,11040.885785105,46,7.1
Black Cat,Bingo Ingo,astrologian,23467.7,64,7.1
Honey B. Lovely,Bingo Ingo,astrologian,13135.858566126,94,7.1
Honey B. Lovely,Slate Mnemosyne,scholar,11971.959367064,65,7.1
Honey B. Lovely,Bingo Ingo,astrologian,25107.8,86,7.1
Brute Bomber,Bingo Ingo,astrologian,11790.087606726,72,7.1
Brute Bomber,Slate Mnemosyne,scholar,10741.655099261,41,7.1
Brute Bomber,Bingo Ingo,astrologian,22531.7,67,7.1
Wicked Thunder,Bingo Ingo,astrologian,12511.795378087,85,7.1
Wicked Thunder,Slate Mnemosyne,scholar,10854.300359372,38,7.1
Wicked Thunder,Bingo Ingo,astrologian,23366.1,70,7.1
Black Cat,Scylla Lowee,machinist,26296.618380946,96,7.1
Black Cat,Misa Akari,monk,24855.052343252,52,7.1
Black Cat,Cassia Love,viper,28449.231740569,75,7.1
Black Cat,Nemui Yawaraka,pictomancer,27809.233796917,86,7.1
Honey B. Lovely,Scylla Lowee,machinist,26698.104252604,97,7.1
Honey B. Lovely,Misa Akari,monk,24389.064270365,40,7.1
Honey B. Lovely,Cassia Love,viper,28380.567303608,68,7.1
Honey B. Lovely,Nemui Yawaraka,pictomancer,24925.80806958,43,7.1
Brute Bomber,Scylla Lowee,machinist,26092.830063904,92,7.1
Brute Bomber,Misa Akari,monk,25064.220564022,49,7.1
Brute Bomber,Cassia Love,viper,23622.972187993,6,7.1
Brute Bomber,Nemui Yawaraka,pictomancer,23631.728249912,21,7.1
Wicked Thunder,Scylla Lowee,machinist,25930.557110803,88,7.1
Wicked Thunder,Misa Akari,monk,25586.454500579,49,7.1
Wicked Thunder,Cassia Love,viper,27585.685627968,37,7.1
Wicked Thunder,Nemui Yawaraka,pictomancer,21585.253704996,4,7.1
Black Cat,Hisshi No,warrior,19943.250675473,97,7.1
Black Cat,Vuln Snake,gunbreaker,20208.643650555,96,7.1
Black Cat,Hisshi No,warrior,40151.9,99,7.1
Black Cat,Hisshi No,warrior,19906.98945219,97,7.1
Black Cat,Vuln Snake,gunbreaker,20466.543477063,97,7.1
Black Cat,Hisshi No,warrior,40373.5,99,7.1
Black Cat,Hisshi No,darkknight,20863.244320955,95,7.1
Black Cat,Vuln Snake,gunbreaker,20883.873546672,98,7.1
Black Cat,Hisshi No,darkknight,41747.1,95,7.1
Black Cat,Hisshi No,darkknight,20887.151040973,95,7.1
Black Cat,Vuln Snake,gunbreaker,21472.915329369,99,7.1
Black Cat,Hisshi No,darkknight,42360.1,96,7.1
Honey B. Lovely,Hisshi No,warrior,20279.171460454,99,7.1
Honey B. Lovely,Vuln Snake,gunbreaker,18984.796844318,84,7.1
Honey B. Lovely,Hisshi No,warrior,39264,99,7.1
Brute Bomber,Hisshi No,warrior,20733.219269982,99,7.1
Brute Bomber,Vuln Snake,gunbreaker,20521.010050643,98,7.1
Brute Bomber,Hisshi No,warrior,41254.2,99,7.1
Brute Bomber,Hisshi No,darkknight,19869.546444942,93,7.1
Brute Bomber,Vuln Snake,gunbreaker,19939.264867701,96,7.1
Brute Bomber,Hisshi No,darkknight,39808.8,95,7.1
Brute Bomber,Hisshi No,darkknight,20466.124733172,97,7.1
Brute Bomber,Vuln Snake,gunbreaker,20478.900233936,98,7.1
Brute Bomber,Hisshi No,darkknight,40945,97,7.1
Black Cat,Crow Xo,astrologian,13643.235064545,96,7.1
Black Cat,Yuuki No,scholar,14702.832782948,97,7.1
Black Cat,Crow Xo,astrologian,28346.1,94,7.1
Black Cat,Crow Xo,astrologian,13326.102534974,93,7.1
Black Cat,Yuuki No,scholar,14656.243484013,97,7.1
Black Cat,Crow Xo,astrologian,27982.3,93,7.1
Black Cat,Crow Xo,astrologian,14009.723594861,98,7.1
Black Cat,Yuuki No,scholar,14236.713743743,95,7.1
Black Cat,Crow Xo,astrologian,28246.4,94,7.1
Black Cat,Crow Xo,astrologian,13481.807501786,95,7.1
Black Cat,Yuuki No,scholar,14631.92800998,97,7.1
Black Cat,Crow Xo,astrologian,28113.7,93,7.1
Honey B. Lovely,Crow Xo,astrologian,13349.402254306,96,7.1
Honey B. Lovely,Yuuki No,scholar,14782.966842847,99,7.1
Honey B. Lovely,Crow Xo,astrologian,28132.4,99,7.1
Brute Bomber,Crow Xo,astrologian,14054.145200489,99,7.1
Brute Bomber,Yuuki No,scholar,14120.367920919,97,7.1
Brute Bomber,Crow Xo,astrologian,28174.5,99,7.1
Brute Bomber,Crow Xo,astrologian,13611.903998484,98,7.1
Brute Bomber,Yuuki No,scholar,12227.147354384,76,7.1
Brute Bomber,Crow Xo,astrologian,25839.1,93,7.1
Brute Bomber,Crow Xo,astrologian,13626.101908268,98,7.1
Brute Bomber,Yuuki No,scholar,14550.264078833,99,7.1
Brute Bomber,Crow Xo,astrologian,28176.4,99,7.1
Black Cat,Pijou Dew,bard,21466.99969979,91,7.1
Black Cat,Wuju Smorc,blackmage,30373.117828057,99,7.1
Black Cat,Nyan Pls,monk,28135.646952867,93,7.1
Black Cat,Lars Ronsenburg,samurai,30217.128935422,96,7.1
Black Cat,Pijou Dew,bard,21743.794383609,94,7.1
Black Cat,Wuju Smorc,blackmage,30108.958245356,98,7.1
Black Cat,Nyan Pls,monk,28009.970209207,92,7.1
Black Cat,Lars Ronsenburg,samurai,30080.418681724,95,7.1
Black Cat,Pijou Dew,bard,22673.118000054,98,7.1
Black Cat,Nyan Pls,monk,28359.777914565,95,7.1
Black Cat,Lars Ronsenburg,samurai,31260.553731667,98,7.1
Black Cat,Wuju Smorc,pictomancer,29980.418459413,97,7.1
Black Cat,Pijou Dew,bard,22226.565092591,97,7.1
Black Cat,Nyan Pls,monk,27491.828454467,88,7.1
Black Cat,Lars Ronsenburg,samurai,31056.561656135,98,7.1
Black Cat,Wuju Smorc,pictomancer,29877.121738547,97,7.1
Honey B. Lovely,Pijou Dew,bard,21669.851471873,93,7.1
Honey B. Lovely,Nyan Pls,monk,28143.904464494,97,7.1
Honey B. Lovely,Lars Ronsenburg,samurai,31450.602932201,99,7.1
Honey B. Lovely,Wuju Smorc,pictomancer,29516.089774084,98,7.1
Brute Bomber,Pijou Dew,bard,21598.798338152,93,7.1
Brute Bomber,Nyan Pls,monk,27570.501999281,92,7.1
Brute Bomber,Lars Ronsenburg,samurai,31256.776887075,99,7.1
Brute Bomber,Wuju Smorc,pictomancer,30004.020144056,98,7.1
Brute Bomber,Pijou Dew,bard,21368.534755569,90,7.1
Brute Bomber,Nyan Pls,monk,29363.92983888,99,7.1
Brute Bomber,Lars Ronsenburg,samurai,30178.113978387,97,7.1
Brute Bomber,Wuju Smorc,pictomancer,26322.785740147,63,7.1
Brute Bomber,Pijou Dew,bard,22366.455353047,98,7.1
Brute Bomber,Nyan Pls,monk,27663.385744672,93,7.1
Brute Bomber,Lars Ronsenburg,samurai,30575.445351601,98,7.1
Brute Bomber,Wuju Smorc,pictomancer,29512.113217116,97,7.1
Wicked Thunder,Sylvie Raine,paladin,17629.115154883,35,7.1
Wicked Thunder,Kerei Hiyori,gunbreaker,18078.554561149,51,7.1
Wicked Thunder,Sylvie Raine,paladin,35707.7,63,7.1
Wicked Thunder,Azhrin Nightheaven,astrologian,9866.1202944854,18,7.1
Wicked Thunder,Jhin Omnia,sage,12396.551108289,27,7.1
Wicked Thunder,Azhrin Nightheaven,astrologian,22262.7,30,7.1
Wicked Thunder,Lilia Shard,monk,22222.954830861,5,7.1
Wicked Thunder,Sol Lucis,dancer,20686.289762467,59,7.1
Wicked Thunder,Palikka Likka,reaper,24005.065485361,13,7.1
Wicked Thunder,Apo Tizer,pictomancer,22861.961862516,10,7.1
Honey B. Lovely,Calson Sadd,darkknight,17485.664180974,47,7.1
Honey B. Lovely,Aya Akashi,gunbreaker,16246.765845624,25,7.1
Honey B. Lovely,Calson Sadd,darkknight,33732.4,48,7.1
Brute Bomber,Calson Sadd,darkknight,17658.779195164,44,7.1
Brute Bomber,Aya Akashi,gunbreaker,17340.386943658,39,7.1
Brute Bomber,Calson Sadd,darkknight,34999.2,58,7.1
Honey B. Lovely,Reinette Noirterel,whitemage,13586.694526324,58,7.1
Honey B. Lovely,Arak Terom,sage,12373.198583564,36,7.1
Honey B. Lovely,Reinette Noirterel,whitemage,25959.9,67,7.1
Brute Bomber,Reinette Noirterel,whitemage,11701.868971544,18,7.1
Brute Bomber,Arak Terom,sage,11750.250559248,23,7.1
Brute Bomber,Reinette Noirterel,whitemage,23452.1,29,7.1
Honey B. Lovely,Smol Gangster,ninja,22488.560306030002,19,7.1
Honey B. Lovely,Bread Gloves,dancer,18890.156906015,29,7.1
Honey B. Lovely,Jenny Death,viper,26536.613687942,39,7.1
Honey B. Lovely,Ashlee White,pictomancer,18764.230545769,2,7.1
Brute Bomber,Smol Gangster,ninja,23983.156004201,34,7.1
Brute Bomber,Bread Gloves,dancer,19214.595777776,27,7.1
Brute Bomber,Jenny Death,viper,26855.738106788,38,7.1
Brute Bomber,Ashlee White,pictomancer,21917.128631105,7,7.1
Honey B. Lovely,Kazuya Saito,darkknight,15812.9192275,16,7.1
Honey B. Lovely,Omegal Ul,paladin,17212.923750775,42,7.1
Honey B. Lovely,Kazuya Saito,darkknight,33025.8,37,7.1
Brute Bomber,Kazuya Saito,darkknight,16906.342312984,26,7.1
Brute Bomber,Omegal Ul,paladin,17833.866296319,52,7.1
Brute Bomber,Kazuya Saito,darkknight,34740.2,56,7.1
Wicked Thunder,Kazuya Saito,darkknight,17018.149878229,21,7.1
Wicked Thunder,Omegal Ul,paladin,17970.664484103,44,7.1
Wicked Thunder,Kazuya Saito,darkknight,34988.8,48,7.1
Honey B. Lovely,Nathalyaa Hikari,scholar,12363.403689108,73,7.1
Honey B. Lovely,Jiang Jun,whitemage,13917.582158695,65,7.1
Honey B. Lovely,Nathalyaa Hikari,scholar,26281,85,7.1
Brute Bomber,Nathalyaa Hikari,scholar,11413.382556234,58,7.1
Brute Bomber,Jiang Jun,whitemage,12139.807363549,25,7.1
Brute Bomber,Nathalyaa Hikari,scholar,23553.2,59,7.1
Wicked Thunder,Nathalyaa Hikari,scholar,11497.215900773,54,7.1
Wicked Thunder,Jiang Jun,whitemage,11863.00821123,16,7.1
Wicked Thunder,Nathalyaa Hikari,scholar,23360.2,47,7.1
Honey B. Lovely,Feli Kiyo,monk,26652.031003774,80,7.1
Honey B. Lovely,Midana Taragon,dancer,18985.504788075,30,7.1
Honey B. Lovely,Gimme Ramen,reaper,25883.1204567,58,7.1
Honey B. Lovely,Sariel Citreth,pictomancer,24439.592603691,37,7.1
Brute Bomber,Feli Kiyo,monk,25988.811200342,67,7.1
Brute Bomber,Midana Taragon,dancer,18903.452445482,22,7.1
Brute Bomber,Gimme Ramen,reaper,24751.230839794,35,7.1
Brute Bomber,Sariel Citreth,pictomancer,24278.987680376,29,7.1
Wicked Thunder,Feli Kiyo,monk,21657.644698825,4,7.1
Wicked Thunder,Midana Taragon,dancer,19296.253709692,23,7.1
Wicked Thunder,Gimme Ramen,reaper,25541.483344645,32,7.1
Wicked Thunder,Sariel Citreth,pictomancer,24477.266738532,24,7.1
Black Cat,Gearing Oni,darkknight,12627.400751118,2,7.1
Black Cat,Koko Eisner,paladin,14602.94093057,14,7.1
Black Cat,Gearing Oni,darkknight,27230.3,4,7.1
Black Cat,Nami Minagawa,whitemage,7284.6121175436,1,7.1
Black Cat,Teemo Grindvior,sage,10829.57384264,19,7.1
Black Cat,Nami Minagawa,whitemage,18114.2,4,7.1
Black Cat,Chase Fringal,machinist,17836.62518686,3,7.1
Black Cat,Gin Takaragi,monk,21006.812230579,13,7.1
Black Cat,Kayemi Ryunee,samurai,21404.401363115,9,7.1
Black Cat,Syphox Hakuda,pictomancer,19726.204848489,9,7.1
Black Cat,Mistral Blossom,darkknight,18577.784161764,72,7.1
Black Cat,Jokersoal Jocos,warrior,18766.158922093,83,7.1
Black Cat,Mistral Blossom,darkknight,37343.9,90,7.1
Honey B. Lovely,Mistral Blossom,darkknight,18433.069308072,67,7.1
Honey B. Lovely,Jokersoal Jocos,warrior,17140.631393711,44,7.1
Honey B. Lovely,Mistral Blossom,darkknight,35573.7,76,7.1
Brute Bomber,Mistral Blossom,darkknight,18115.595310602,57,7.1
Brute Bomber,Jokersoal Jocos,warrior,18525.243192837,74,7.1
Brute Bomber,Mistral Blossom,darkknight,36640.8,84,7.1
Wicked Thunder,Mistral Blossom,darkknight,17934.548905697,45,7.1
Wicked Thunder,Jokersoal Jocos,warrior,18529.964625694,72,7.1
Wicked Thunder,Mistral Blossom,darkknight,36464.5,79,7.1
Black Cat,Daga Arken,astrologian,10683.450747906,45,7.1
Black Cat,Lilian Luxus,scholar,11397.011423709,52,7.1
Black Cat,Daga Arken,astrologian,22080.5,52,7.1
Honey B. Lovely,Daga Arken,astrologian,10000.56480786,27,7.1
Honey B. Lovely,Lilian Luxus,scholar,12266.944716069,71,7.1
Honey B. Lovely,Daga Arken,astrologian,22267.5,59,7.1
Brute Bomber,Daga Arken,astrologian,10536.545164876,39,7.1
Brute Bomber,Lilian Luxus,scholar,11104.910998476,50,7.1
Brute Bomber,Daga Arken,astrologian,21641.5,55,7.1
Wicked Thunder,Daga Arken,astrologian,10678.561157286,34,7.1
Wicked Thunder,Lilian Luxus,scholar,11514.192861868,54,7.1
Wicked Thunder,Daga Arken,astrologian,22192.8,55,7.1
Black Cat,Armys Everfield,blackmage,27560.632386637,78,7.1
Black Cat,Tabouret Tabhyo,samurai,28568.306623228,83,7.1
Black Cat,Ini Moonlight,dancer,19970.075062625,60,7.1
Honey B. Lovely,Armys Everfield,blackmage,26470.721665759,57,7.1
Honey B. Lovely,Tabouret Tabhyo,samurai,28506.939433586,83,7.1
Honey B. Lovely,Ini Moonlight,dancer,20400.731176433,56,7.1
Brute Bomber,Armys Everfield,blackmage,28736.737121204,89,7.1
Brute Bomber,Tabouret Tabhyo,samurai,27247.260770794,62,7.1
Brute Bomber,Ini Moonlight,dancer,20632.771073558,62,7.1
Wicked Thunder,Armys Everfield,blackmage,26242.849685392,41,7.1
Wicked Thunder,Tabouret Tabhyo,samurai,27778.901796786,63,7.1
Wicked Thunder,Ini Moonlight,dancer,20188.75787294,44,7.1
Black Cat,Happy Meal,paladin,16399.215826056,36,7.1
Black Cat,Feyla Farsight,warrior,16431.551119824,40,7.1
Black Cat,Happy Meal,paladin,32830.8,52,7.1
Honey B. Lovely,Happy Meal,paladin,15347.827597811,11,7.1
Honey B. Lovely,Feyla Farsight,warrior,16661.891332338,33,7.1
Honey B. Lovely,Happy Meal,paladin,32009.7,28,7.1
Brute Bomber,Happy Meal,paladin,18262.064967264,63,7.1
Brute Bomber,Feyla Farsight,warrior,14479.748538892,2,7.1
Brute Bomber,Happy Meal,paladin,32741.8,28,7.1
Wicked Thunder,Happy Meal,paladin,18117.317717417,48,7.1
Wicked Thunder,Feyla Farsight,warrior,15473.139283413,4,7.1
Wicked Thunder,Happy Meal,paladin,33590.5,30,7.1
Black Cat,Pamiat Lunasviel,whitemage,12707.501138636,45,7.1
Black Cat,Gundam Muffin,sage,12285.235351195,38,7.1
Black Cat,Pamiat Lunasviel,whitemage,24992.7,59,7.1
Honey B. Lovely,Pamiat Lunasviel,whitemage,14389.797866737,74,7.1
Honey B. Lovely,Gundam Muffin,sage,13606.028516665,60,7.1
Honey B. Lovely,Pamiat Lunasviel,whitemage,27995.8,85,7.1
Brute Bomber,Pamiat Lunasviel,whitemage,14233.723771722,74,7.1
Brute Bomber,Gundam Muffin,sage,13442.095768334,57,7.1
Brute Bomber,Pamiat Lunasviel,whitemage,27675.8,86,7.1
Wicked Thunder,Pamiat Lunasviel,whitemage,13580.114328862,49,7.1
Wicked Thunder,Gundam Muffin,sage,13030.573873981,39,7.1
Wicked Thunder,Pamiat Lunasviel,whitemage,26610.7,66,7.1
Black Cat,Sheep Flexalot,machinist,24404.57236777,65,7.1
Black Cat,Hoenir Lunasviel,monk,23505.712984416,35,7.1
Black Cat,Emmaa Aldaine,summoner,20376.526267847,34,7.1
Black Cat,Crease Cross,pictomancer,22151.290124557,25,7.1
Honey B. Lovely,Sheep Flexalot,machinist,25068.456822638,66,7.1
Honey B. Lovely,Hoenir Lunasviel,monk,23517.875954701,28,7.1
Honey B. Lovely,Emmaa Aldaine,summoner,20337.801407544,17,7.1
Honey B. Lovely,Crease Cross,pictomancer,22808.887864688,19,7.1
Brute Bomber,Sheep Flexalot,machinist,24379.172192884,48,7.1
Brute Bomber,Hoenir Lunasviel,monk,23648.391688569,25,7.1
Brute Bomber,Emmaa Aldaine,summoner,22356.095680887,41,7.1
Brute Bomber,Crease Cross,pictomancer,23893.488537046,24,7.1
Wicked Thunder,Sheep Flexalot,machinist,24318.203020591,40,7.1
Wicked Thunder,Hoenir Lunasviel,monk,24110.244320148,20,7.1
Wicked Thunder,Emmaa Aldaine,summoner,22028.04736755,27,7.1
Wicked Thunder,Crease Cross,pictomancer,26002.077836096,48,7.1
Black Cat,Ren Volkh,darkknight,18647.39409213,74,7.1
Black Cat,Remi Ltl,gunbreaker,16886.576347188002,44,7.1
Black Cat,Ren Volkh,darkknight,35534,67,7.1
Honey B. Lovely,Ren Volkh,darkknight,18000.201526474,58,7.1
Honey B. Lovely,Remi Ltl,gunbreaker,18062.063976515,63,7.1
Honey B. Lovely,Ren Volkh,darkknight,36062.3,75,7.1
Brute Bomber,Ren Volkh,darkknight,17185.764724452,32,7.1
Brute Bomber,Remi Ltl,gunbreaker,18885.922658354,79,7.1
Brute Bomber,Ren Volkh,darkknight,36071.7,72,7.1
Wicked Thunder,Ren Volkh,darkknight,17119.510225263,23,7.1
Wicked Thunder,Remi Ltl,gunbreaker,18662.100862891,70,7.1
Wicked Thunder,Ren Volkh,darkknight,35781.6,62,7.1
Black Cat,Asgs Fyng,astrologian,9988.0097850929,33,7.1
Black Cat,Lily Weiss,sage,12741.887758206,46,7.1
Black Cat,Asgs Fyng,astrologian,22729.9,51,7.1
Honey B. Lovely,Asgs Fyng,astrologian,11637.528129778,62,7.1
Honey B. Lovely,Lily Weiss,sage,14313.461637568,73,7.1
Honey B. Lovely,Asgs Fyng,astrologian,25951,83,7.1
Brute Bomber,Asgs Fyng,astrologian,10060.987399132,28,7.1
Brute Bomber,Lily Weiss,sage,12886.281633655,45,7.1
Brute Bomber,Asgs Fyng,astrologian,22947.3,52,7.1
Wicked Thunder,Asgs Fyng,astrologian,10898.756007539,39,7.1
Wicked Thunder,Lily Weiss,sage,14109.740925113,65,7.1
Wicked Thunder,Asgs Fyng,astrologian,25008.5,71,7.1
Black Cat,Pan Daemonium,bard,19989.345893476,66,7.1
Black Cat,Haru Cham,reaper,27419.089562851,83,7.1
Black Cat,Hitonami Hoshii,viper,30094.031614714,95,7.1
Black Cat,Sig Ashley,pictomancer,26280.151394414,69,7.1
Honey B. Lovely,Pan Daemonium,bard,20849.048788821,76,7.1
Honey B. Lovely,Haru Cham,reaper,26985.835276798,77,7.1
Honey B. Lovely,Hitonami Hoshii,viper,30043.703123041,95,7.1
Honey B. Lovely,Sig Ashley,pictomancer,24158.428270031,34,7.1
Brute Bomber,Pan Daemonium,bard,20187.475268271,58,7.1
Brute Bomber,Haru Cham,reaper,27443.554620325,84,7.1
Brute Bomber,Hitonami Hoshii,viper,29914.789718552,95,7.1
Brute Bomber,Sig Ashley,pictomancer,23951.843872912,24,7.1
Wicked Thunder,Pan Daemonium,bard,20890.494853647,77,7.1
Wicked Thunder,Haru Cham,reaper,28355.206966918,92,7.1
Wicked Thunder,Hitonami Hoshii,viper,30368.559931552,97,7.1
Wicked Thunder,Sig Ashley,pictomancer,27144.533663012,73,7.1
Black Cat,Happy Meal,paladin,16399.215826056,36,7.1
Black Cat,Feyla Farsight,warrior,16431.551119824,40,7.1
Black Cat,Happy Meal,paladin,32830.8,52,7.1
Honey B. Lovely,Happy Meal,paladin,15347.827597811,11,7.1
Honey B. Lovely,Feyla Farsight,warrior,16661.891332338,33,7.1
Honey B. Lovely,Happy Meal,paladin,32009.7,28,7.1
Brute Bomber,Happy Meal,paladin,18262.064967264,63,7.1
Brute Bomber,Feyla Farsight,warrior,14479.748538892,2,7.1
Brute Bomber,Happy Meal,paladin,32741.8,28,7.1
Black Cat,Pamiat Lunasviel,whitemage,12707.501138636,45,7.1
Black Cat,Gundam Muffin,sage,12285.235351195,38,7.1
Black Cat,Pamiat Lunasviel,whitemage,24992.7,59,7.1
Honey B. Lovely,Pamiat Lunasviel,whitemage,14389.797866737,74,7.1
Honey B. Lovely,Gundam Muffin,sage,13606.028516665,60,7.1
Honey B. Lovely,Pamiat Lunasviel,whitemage,27995.8,85,7.1
Brute Bomber,Pamiat Lunasviel,whitemage,14233.723771722,74,7.1
Brute Bomber,Gundam Muffin,sage,13442.095768334,57,7.1
Brute Bomber,Pamiat Lunasviel,whitemage,27675.8,86,7.1
Black Cat,Sheep Flexalot,machinist,24404.57236777,65,7.1
Black Cat,Hoenir Lunasviel,monk,23505.712984416,35,7.1
Black Cat,Emmaa Aldaine,summoner,20376.526267847,34,7.1
Black Cat,Crease Cross,pictomancer,22151.290124557,25,7.1
Honey B. Lovely,Sheep Flexalot,machinist,25068.456822638,66,7.1
Honey B. Lovely,Hoenir Lunasviel,monk,23517.875954701,28,7.1
Honey B. Lovely,Emmaa Aldaine,summoner,20337.801407544,17,7.1
Honey B. Lovely,Crease Cross,pictomancer,22808.887864688,19,7.1
Brute Bomber,Sheep Flexalot,machinist,24379.172192884,48,7.1
Brute Bomber,Hoenir Lunasviel,monk,23648.391688569,25,7.1
Brute Bomber,Emmaa Aldaine,summoner,22356.095680887,41,7.1
Brute Bomber,Crease Cross,pictomancer,23893.488537046,24,7.1
Black Cat,Happy Meal,paladin,16399.215826056,36,7.1
Black Cat,Feyla Farsight,warrior,16431.551119824,40,7.1
Black Cat,Happy Meal,paladin,32830.8,52,7.1
Black Cat,Pamiat Lunasviel,whitemage,12707.501138636,45,7.1
Black Cat,Gundam Muffin,sage,12285.235351195,38,7.1
Black Cat,Pamiat Lunasviel,whitemage,24992.7,59,7.1
Black Cat,Sheep Flexalot,machinist,24404.57236777,65,7.1
Black Cat,Hoenir Lunasviel,monk,23505.712984416,35,7.1
Black Cat,Emmaa Aldaine,summoner,20376.526267847,34,7.1
Black Cat,Crease Cross,pictomancer,22151.290124557,25,7.1
Black Cat,Cassandra Dracht,darkknight,16387.859658669,34,7.1
Black Cat,Anix Vironen,paladin,16384.589365942,36,7.1
Black Cat,Cassandra Dracht,darkknight,32772.4,43,7.1
Honey B. Lovely,Cassandra Dracht,darkknight,16769.909666701,32,7.1
Honey B. Lovely,Anix Vironen,paladin,16429.791566882,26,7.1
Honey B. Lovely,Cassandra Dracht,darkknight,33199.7,39,7.1
Brute Bomber,Cassandra Dracht,darkknight,17092.427700108,30,7.1
Brute Bomber,Anix Vironen,paladin,16706.216472073,25,7.1
Brute Bomber,Cassandra Dracht,darkknight,33798.6,41,7.1
Black Cat,Mirabella Morning,astrologian,11311.183334927,58,7.1
Black Cat,Mieu Hycinth,sage,9832.3584343772,10,7.1
Black Cat,Mirabella Morning,astrologian,21143.5,35,7.1
Honey B. Lovely,Mirabella Morning,astrologian,11300.298766416,55,7.1
Honey B. Lovely,Mieu Hycinth,sage,8103.416052331,1,7.1
Honey B. Lovely,Mirabella Morning,astrologian,19403.7,11,7.1
Brute Bomber,Mirabella Morning,astrologian,11191.773262417,56,7.1
Brute Bomber,Mieu Hycinth,sage,8856.8590954339,2,7.1
Brute Bomber,Mirabella Morning,astrologian,20048.6,13,7.1
Black Cat,Yatsurugi No-yuki,bard,18804.232813959,46,7.1
Black Cat,Aurelia Violet,dragoon,20874.117395598,15,7.1
Black Cat,Risa Corphum,summoner,20265.809085171,32,7.1
Black Cat,Caidon Hycinth,viper,25010.32132178,33,7.1
Honey B. Lovely,Yatsurugi No-yuki,bard,16697.766955497,7,7.1
Honey B. Lovely,Aurelia Violet,dragoon,24383.119070156,41,7.1
Honey B. Lovely,Risa Corphum,summoner,20616.886655193,20,7.1
Honey B. Lovely,Caidon Hycinth,viper,26856.774662464,43,7.1
Brute Bomber,Yatsurugi No-yuki,bard,18592.679993232,21,7.1
Brute Bomber,Aurelia Violet,dragoon,24867.074226975,43,7.1
Brute Bomber,Risa Corphum,summoner,20192.000173469,10,7.1
Brute Bomber,Caidon Hycinth,viper,27556.249171091,51,7.1
Black Cat,Vearow Ciorre,warrior,16074.610918435,34,7.1
Black Cat,Seulen Phyr,gunbreaker,15712.038101494,25,7.1
Black Cat,Vearow Ciorre,warrior,31786.6,40,7.1
Honey B. Lovely,Vearow Ciorre,warrior,16388.632875132,27,7.1
Honey B. Lovely,Seulen Phyr,gunbreaker,16329.34681983,26,7.1
Honey B. Lovely,Vearow Ciorre,warrior,32718,38,7.1
Black Cat,Alyss Isotta,astrologian,9448.2857225662,25,7.1
Black Cat,Poot Orogloam,scholar,10205.966400356,32,7.1
Black Cat,Alyss Isotta,astrologian,19654.3,29,7.1
Honey B. Lovely,Alyss Isotta,astrologian,9262.3620990885,17,7.1
Honey B. Lovely,Poot Orogloam,scholar,10652.668522743,38,7.1
Honey B. Lovely,Alyss Isotta,astrologian,19915,30,7.1
Black Cat,Potato Spice,blackmage,21678.345715031,18,7.1
Black Cat,Bronwyn Llywarch,dancer,19268.350835161,48,7.1
Black Cat,Monte Vidio,viper,25650.882136341,40,7.1
Black Cat,Ehva Queskers,pictomancer,23959.123020646,43,7.1
Honey B. Lovely,Potato Spice,blackmage,22272.649802271,12,7.1
Honey B. Lovely,Bronwyn Llywarch,dancer,18778.046055097,27,7.1
Honey B. Lovely,Monte Vidio,viper,26256.440307399,35,7.1
Honey B. Lovely,Ehva Queskers,pictomancer,22902.484407848,20,7.1
Honey B. Lovely,Lune Silversong,paladin,16793.498483352,33,7.1
Honey B. Lovely,Azazel Mistblood,warrior,15292.57173973,10,7.1
Honey B. Lovely,Lune Silversong,paladin,32086.1,29,7.1
Brute Bomber,Maxwell Trevelyan,paladin,17926.883403867,54,7.1
Brute Bomber,Trippy Killer,warrior,18096.902239944,61,7.1
Brute Bomber,Maxwell Trevelyan,paladin,36023.8,80,7.1
Honey B. Lovely,Tear Ill,whitemage,12026.489858179,28,7.1
Honey B. Lovely,James Abramolo,sage,12140.94182284,32,7.1
Honey B. Lovely,Tear Ill,whitemage,24167.4,45,7.1
Brute Bomber,Spike Doggy,whitemage,12142.873684125,25,7.1
Brute Bomber,Pupuru Puru,sage,11870.031067296,25,7.1
Brute Bomber,Spike Doggy,whitemage,24012.9,38,7.1
Honey B. Lovely,Zeta Shintani,ninja,24029.429945895,39,7.1
Honey B. Lovely,Mila Vimrasi,summoner,20935.297238618,25,7.1
Honey B. Lovely,Jun Lovelock,dancer,19888.450435796,46,7.1
Honey B. Lovely,Auru Owusu,reaper,23611.844516505,26,7.1
Brute Bomber,Faye Melisande,monk,23545.156844998,23,7.1
Brute Bomber,Zeta Shintani,ninja,23454.985037142,26,7.1
Brute Bomber,Jun Lovelock,dancer,20023.156143741,45,7.1
Brute Bomber,Orbis Shidou,pictomancer,25378.069355735,45,7.1
Honey B. Lovely,Pandora Lynx,warrior,17760.425113374,59,7.1
Honey B. Lovely,Seto Alter,gunbreaker,15145.487956873,10,7.1
Honey B. Lovely,Pandora Lynx,warrior,32905.9,41,7.1
Brute Bomber,Pandora Lynx,warrior,18004.438656517,58,7.1
Brute Bomber,Seto Alter,gunbreaker,18238.034368753,62,7.1
Brute Bomber,Pandora Lynx,warrior,36242.5,82,7.1
Wicked Thunder,Pandora Lynx,warrior,18762.078280899,80,7.1
Wicked Thunder,Seto Alter,gunbreaker,18499.287317768,64,7.1
Wicked Thunder,Pandora Lynx,warrior,37261.4,90,7.1
Honey B. Lovely,Kinel Ordo,astrologian,10764.445745863,43,7.1
Honey B. Lovely,Khora Velaceras,sage,14123.117322882,69,7.1
Honey B. Lovely,Kinel Ordo,astrologian,24887.6,73,7.1
Brute Bomber,Kinel Ordo,astrologian,10582.558050131,40,7.1
Brute Bomber,Khora Velaceras,sage,13703.567904557,63,7.1
Brute Bomber,Kinel Ordo,astrologian,24286.1,71,7.1
Wicked Thunder,Kinel Ordo,astrologian,11390.978642948,53,7.1
Wicked Thunder,Khora Velaceras,sage,15527.343875762,93,7.1
Wicked Thunder,Kinel Ordo,astrologian,26918.3,91,7.1
Honey B. Lovely,Mex Id,dragoon,22650.799996997,20,7.1
Honey B. Lovely,Anastasia Lunet,dancer,20297.635672883,54,7.1
Honey B. Lovely,Priscilla Dreamer,viper,26008.204838417,32,7.1
Honey B. Lovely,Sylveret Jandelain,pictomancer,26940.426928189,74,7.1
Brute Bomber,Mex Id,dragoon,25915.614174832,64,7.1
Brute Bomber,Anastasia Lunet,dancer,19653.802411707,37,7.1
Brute Bomber,Priscilla Dreamer,viper,21408.471025178,1,7.1
Brute Bomber,Sylveret Jandelain,pictomancer,23732.167981755,22,7.1
Wicked Thunder,Mex Id,dragoon,26267.99339708,67,7.1
Wicked Thunder,Anastasia Lunet,dancer,21056.424823,71,7.1
Wicked Thunder,Priscilla Dreamer,viper,26561.499372495,20,7.1
Wicked Thunder,Sylveret Jandelain,pictomancer,25175.194860099,34,7.1
Black Cat,Raquel Vaedrin,darkknight,15950.659121523,27,7.1
Black Cat,Pidan Monk,warrior,14866.465947233,17,7.1
Black Cat,Raquel Vaedrin,darkknight,30817.1,30,7.1
Honey B. Lovely,Raquel Vaedrin,darkknight,16549.567645811,28,7.1
Honey B. Lovely,Pidan Monk,warrior,16265.595367976,25,7.1
Honey B. Lovely,Raquel Vaedrin,darkknight,32815.2,39,7.1
Black Cat,Nico Sawayama,scholar,9648.1665335538,24,7.1
Black Cat,Wave Blaze,sage,10544.76593991,17,7.1
Black Cat,Nico Sawayama,scholar,20192.9,18,7.1
Honey B. Lovely,Nico Sawayama,scholar,9783.8229056116,23,7.1
Honey B. Lovely,Wave Blaze,sage,12389.597421225,36,7.1
Honey B. Lovely,Nico Sawayama,scholar,22173.4,24,7.1
Black Cat,Jerold Fisher,monk,18182.014948375,3,7.1
Black Cat,Hollows Yve,dancer,15767.74161687,7,7.1
Black Cat,Nana Ratt,viper,18672.734145844,2,7.1
Black Cat,Sir Leafeon,pictomancer,22464.796047825,28,7.1
Honey B. Lovely,Jerold Fisher,monk,20820.806147864,4,7.1
Honey B. Lovely,Hollows Yve,dancer,18354.27790496,21,7.1
Honey B. Lovely,Nana Ratt,viper,24065.03340061,12,7.1
Honey B. Lovely,Sir Leafeon,pictomancer,21130.551323801,8,7.1
Honey B. Lovely,Pandora Lynx,warrior,17760.425113374,59,7.1
Honey B. Lovely,Seto Alter,gunbreaker,15145.487956873,10,7.1
Honey B. Lovely,Pandora Lynx,warrior,32905.9,41,7.1
Brute Bomber,Pandora Lynx,warrior,18004.438656517,58,7.1
Brute Bomber,Seto Alter,gunbreaker,18238.034368753,62,7.1
Brute Bomber,Pandora Lynx,warrior,36242.5,82,7.1
Honey B. Lovely,Kinel Ordo,astrologian,10764.445745863,43,7.1
Honey B. Lovely,Khora Velaceras,sage,14123.117322882,69,7.1
Honey B. Lovely,Kinel Ordo,astrologian,24887.6,73,7.1
Brute Bomber,Kinel Ordo,astrologian,10582.558050131,40,7.1
Brute Bomber,Khora Velaceras,sage,13703.567904557,63,7.1
Brute Bomber,Kinel Ordo,astrologian,24286.1,71,7.1
Honey B. Lovely,Mex Id,dragoon,22650.799996997,20,7.1
Honey B. Lovely,Anastasia Lunet,dancer,20297.635672883,54,7.1
Honey B. Lovely,Priscilla Dreamer,viper,26008.204838417,32,7.1
Honey B. Lovely,Sylveret Jandelain,pictomancer,26940.426928189,74,7.1
Brute Bomber,Mex Id,dragoon,25915.614174832,64,7.1
Brute Bomber,Anastasia Lunet,dancer,19653.802411707,37,7.1
Brute Bomber,Priscilla Dreamer,viper,21408.471025178,1,7.1
Brute Bomber,Sylveret Jandelain,pictomancer,23732.167981755,22,7.1
Black Cat,Rym Kaine,paladin,17841.289693024,61,7.1
Black Cat,Ari Kaisuri,gunbreaker,17981.843051697,63,7.1
Black Cat,Rym Kaine,paladin,35823.1,76,7.1
Honey B. Lovely,Rym Kaine,paladin,18527.460113825,72,7.1
Honey B. Lovely,Ari Kaisuri,gunbreaker,18199.204429023,66,7.1
Honey B. Lovely,Rym Kaine,paladin,36726.7,84,7.1
Brute Bomber,Rym Kaine,paladin,17448.763245232,42,7.1
Brute Bomber,Ari Kaisuri,gunbreaker,17837.674437203,51,7.1
Brute Bomber,Rym Kaine,paladin,35286.4,65,7.1
Wicked Thunder,Rym Kaine,paladin,18412.71209515,57,7.1
Wicked Thunder,Ari Kaisuri,gunbreaker,17291.299921156,29,7.1
Wicked Thunder,Rym Kaine,paladin,35704,63,7.1
Black Cat,Kasa Liunethius,whitemage,13384.05077639,57,7.1
Black Cat,Ki We,sage,14633.307198009,77,7.1
Black Cat,Kasa Liunethius,whitemage,28017.4,84,7.1
Honey B. Lovely,Kasa Liunethius,whitemage,12211.377353779,31,7.1
Honey B. Lovely,Ki We,sage,13136.82098792,50,7.1
Honey B. Lovely,Kasa Liunethius,whitemage,25348.2,60,7.1
Brute Bomber,Kasa Liunethius,whitemage,13494.402814987,56,7.1
Brute Bomber,Ki We,sage,13382.993322404,56,7.1
Brute Bomber,Kasa Liunethius,whitemage,26877.4,79,7.1
Wicked Thunder,Kasa Liunethius,whitemage,12493.43245409,25,7.1
Wicked Thunder,Ki We,sage,13596.096249163,53,7.1
Wicked Thunder,Kasa Liunethius,whitemage,26089.5,58,7.1
Black Cat,Borea Domn,bard,19401.577067958,56,7.1
Black Cat,Lord Ban,monk,24453.962058327,47,7.1
Black Cat,Milennia Cometspark,redmage,22608.941689819,58,7.1
Black Cat,Ye Bunny,viper,29188.36821831,86,7.1
Honey B. Lovely,Borea Domn,bard,19057.246670053,38,7.1
Honey B. Lovely,Lord Ban,monk,20903.481053529,5,7.1
Honey B. Lovely,Milennia Cometspark,redmage,19142.162678767,5,7.1
Honey B. Lovely,Ye Bunny,viper,24553.145691088,16,7.1
Brute Bomber,Borea Domn,bard,16448.899196289,3,7.1
Brute Bomber,Lord Ban,monk,24780.122355952,44,7.1
Brute Bomber,Milennia Cometspark,redmage,20892.22599864,14,7.1
Brute Bomber,Ye Bunny,viper,28479.277060258,72,7.1
Wicked Thunder,Borea Domn,bard,19118.568108529,26,7.1
Wicked Thunder,Lord Ban,monk,21326.239084737,3,7.1
Wicked Thunder,Milennia Cometspark,redmage,18489.220553147,1,7.1
Wicked Thunder,Ye Bunny,viper,27057.892991392,27,7.1
Honey B. Lovely,Snigluf Hoshiyomi,paladin,18811.764728195,79,7.1
Honey B. Lovely,Yume Ame,gunbreaker,17155.883786516,43,7.1
Honey B. Lovely,Snigluf Hoshiyomi,paladin,35967.6,77,7.1
Brute Bomber,Snigluf Hoshiyomi,paladin,17423.240061702,41,7.1
Brute Bomber,Yume Ame,gunbreaker,18610.273954895,72,7.1
Brute Bomber,Snigluf Hoshiyomi,paladin,36033.5,75,7.1
Wicked Thunder,Snigluf Hoshiyomi,paladin,18913.943217108,74,7.1
Wicked Thunder,Yume Ame,gunbreaker,17983.867023377,48,7.1
Wicked Thunder,Snigluf Hoshiyomi,paladin,36897.8,80,7.1
Honey B. Lovely,Yumemi Hime,astrologian,11129.489389707,51,7.1
Honey B. Lovely,Oya Cola,scholar,11849.151574807,62,7.1
Honey B. Lovely,Yumemi Hime,astrologian,22978.6,66,7.1
Brute Bomber,Yumemi Hime,astrologian,11472.329607639,63,7.1
Brute Bomber,Oya Cola,scholar,12569.400470523,82,7.1
Brute Bomber,Yumemi Hime,astrologian,24041.7,82,7.1
Wicked Thunder,Yumemi Hime,astrologian,11275.554069264,49,7.1
Wicked Thunder,Oya Cola,scholar,12347.625796263,75,7.1
Wicked Thunder,Yumemi Hime,astrologian,23623.2,74,7.1
Honey B. Lovely,Sulyn Coca,redmage,24231.890058062,73,7.1
Honey B. Lovely,Yunerya Aldryn,samurai,25211.29521551,35,7.1
Honey B. Lovely,Eden Lay,dancer,20794.378981586,64,7.1
Honey B. Lovely,Rin Akise,viper,29692.959401298,92,7.1
Brute Bomber,Sulyn Coca,redmage,24813.262241675,85,7.1
Brute Bomber,Yunerya Aldryn,samurai,28156.138627115,79,7.1
Brute Bomber,Eden Lay,dancer,21222.430003189,79,7.1
Brute Bomber,Rin Akise,viper,28534.49901328,73,7.1
Wicked Thunder,Sulyn Coca,redmage,24346.780038538,70,7.1
Wicked Thunder,Yunerya Aldryn,samurai,28880.505341503,86,7.1
Wicked Thunder,Eden Lay,dancer,21108.025091486,73,7.1
Wicked Thunder,Rin Akise,viper,29158.459979139,78,7.1
Sugar Riot,Shirayuki Heiko,darkknight,11791.926330107,0,7.2
Sugar Riot,Oceane Aigue,paladin,14777.677021935,29,7.2
Sugar Riot,Shirayuki Heiko,darkknight,26569.6,0,7.2
Sugar Riot,Killa Kilala,whitemage,11709.16652335,42,7.2
Sugar Riot,Ayaka Suzumiya,sage,14714.193023874,98,7.2
Sugar Riot,Killa Kilala,whitemage,26423.4,94,7.2
Sugar Riot,Komi Misliar,blackmage,29029.866637482,99,7.2
Sugar Riot,Oblyan Tenan,dancer,17827.626209722,33,7.2
Sugar Riot,Tiki Manakete,reaper,22055.869983271,31,7.2
Sugar Riot,Damix Lihzeh,viper,21779.39300894,5,7.2
Sugar Riot,Bakali Grunert,paladin,15075.414050875,38,7.2
Sugar Riot,Meldras Llothas,gunbreaker,15652.985304606,47,7.2
Sugar Riot,Bakali Grunert,paladin,30728.4,33,7.2
Sugar Riot,Achlys Dynamis,whitemage,13665.753891036,87,7.2
Sugar Riot,Emeraldgreen Velvet,sage,11543.738388525,48,7.2
Sugar Riot,Achlys Dynamis,whitemage,25209.5,86,7.2
Sugar Riot,Ryuuka Ninomae,blackmage,24021.115640748,48,7.2
Sugar Riot,Nahira Kholin,dancer,16546.850924075,6,7.2
Sugar Riot,Nyrith Blackwood,viper,22205.479320295,8,7.2
Sugar Riot,Elowyn Llothas,pictomancer,16061.715078995,0,7.2
Sugar Riot,Phalania Kelsyngra,darkknight,14297.45955135,15,7.2
Sugar Riot,Zury Fair,warrior,14037.344416838,6,7.2
Sugar Riot,Phalania Kelsyngra,darkknight,28334.8,8,7.2
Brute Abombinator,Elysande Outlawe,paladin,19039.198959373,31,7.2
Brute Abombinator,Moot Kaizoku,warrior,19033.838521342,29,7.2
Brute Abombinator,Elysande Outlawe,paladin,38073,39,7.2
Sugar Riot,Shirayuki Heiko,darkknight,11791.926330107,0,7.2
Sugar Riot,Oceane Aigue,paladin,14777.677021935,29,7.2
Sugar Riot,Shirayuki Heiko,darkknight,26569.6,0,7.2
Sugar Riot,Yukito Koyo,whitemage,10919.229008904,23,7.2
Sugar Riot,Heal Me,sage,12828.703978887,82,7.2
Sugar Riot,Yukito Koyo,whitemage,23747.9,67,7.2
Brute Abombinator,Roca Dragon,whitemage,11582.667816196,0,7.2
Brute Abombinator,Heal Me,sage,14511.339504492,43,7.2
Brute Abombinator,Roca Dragon,whitemage,26094,3,7.2
Sugar Riot,Killa Kilala,whitemage,11709.16652335,42,7.2
Sugar Riot,Ayaka Suzumiya,sage,14714.193023874,99,7.2
Sugar Riot,Killa Kilala,whitemage,26423.4,94,7.2
Sugar Riot,Zane Atreides,machinist,18331.117226786,2,7.2
Sugar Riot,Peri Winkel,redmage,20618.475017535,42,7.2
Sugar Riot,Palikka Likka,reaper,23859.628918556,74,7.2
Sugar Riot,Skau Emberhearth,viper,22680.318952912,12,7.2
Brute Abombinator,Coco Blxcked,blackmage,30453.577154612,39,7.2
Brute Abombinator,Shiro Kaze,dragoon,27967.776870254,28,7.2
Brute Abombinator,Yue Amari,monk,28460.299254916,36,7.2
Brute Abombinator,Karia Vae,dancer,22460.317028163,44,7.2
Sugar Riot,Komi Misliar,blackmage,29029.866637482,99,7.2
Sugar Riot,Oblyan Tenan,dancer,17827.626209722,33,7.2
Sugar Riot,Tiki Manakete,reaper,22055.869983271,31,7.2
Sugar Riot,Damix Lihzeh,viper,21779.39300894,5,7.2
Howling Blade,Ascuro Kazr,paladin,18713.702920812,46,7.2
Howling Blade,Alisa Oni,warrior,18570.262468582,32,7.2
Howling Blade,Ascuro Kazr,paladin,37284,46,7.2
Howling Blade,Poki Bunny,whitemage,12814.563852428,14,7.2
Howling Blade,Ino Oni,sage,14062.992941131,68,7.2
Howling Blade,Poki Bunny,whitemage,26877.6,42,7.2
Howling Blade,Nahiri Flamecaller,bard,18918.671334059,3,7.2
Howling Blade,Mik Kel,ninja,28451.614728287,84,7.2
Howling Blade,Davy Stormcall,viper,29292.774530291,38,7.2
Howling Blade,Mikuh Catness,pictomancer,26693.07161911,53,7.2
Dancing Green,Rem Isbestgirl,warrior,19882.507793907,41,7.2
Dancing Green,Neil Foyahainas,gunbreaker,18019.843936584,6,7.2
Dancing Green,Rem Isbestgirl,warrior,37902.4,19,7.2
Sugar Riot,Arlethia Orabelle,darkknight,17179.916343748,82,7.2
Sugar Riot,Asi Liserto,warrior,16903.918424382,80,7.2
Sugar Riot,Arlethia Orabelle,darkknight,34083.8,96,7.2
Brute Abombinator,Helena Volkova,darkknight,19767.804736133,46,7.2
Brute Abombinator,Julian Catsablancas,warrior,18403.707985981,12,7.2
Brute Abombinator,Helena Volkova,darkknight,38171.5,31,7.2
Dancing Green,Rico Pestano,scholar,14866.018900752,92,7.2
Dancing Green,Kaleb Zackarias,whitemage,11905.511399905,3,7.2
Dancing Green,Rico Pestano,scholar,26771.5,35,7.2
Sugar Riot,Dumb Blonde,astrologian,10138.928473597,65,7.2
Sugar Riot,Torvalis Highwind,scholar,10109.066357843,55,7.2
Sugar Riot,Dumb Blonde,astrologian,20248,67,7.2
Brute Abombinator,Bubby Butterbutts,whitemage,15666.177787175,61,7.2
Brute Abombinator,Azami Ayato,sage,13449.601173311,16,7.2
Brute Abombinator,Bubby Butterbutts,whitemage,29115.8,42,7.2
Dancing Green,Kasurumi Tamura,machinist,27985.904438527,58,7.2
Dancing Green,Brew Meister,ninja,28565.281026994,55,7.2
Dancing Green,Melon Pan,reaper,28051.548423281,26,7.2
Dancing Green,Mocha Latte,pictomancer,26008.242762319,26,7.2
Sugar Riot,Melena Zbik,bard,17955.153579133,60,7.2
Sugar Riot,Melon Pan,reaper,24826.574864343,89,7.2
Sugar Riot,Kashern Amaya,viper,21936.470813439,6,7.2
Sugar Riot,Mocha Latte,pictomancer,21757.655702056,62,7.2
Brute Abombinator,Alexander Storm,bard,23068.732557425,78,7.2
Brute Abombinator,Pym Phuk,dragoon,27799.571405648,24,7.2
Brute Abombinator,Melon Pan,reaper,28649.019016812,34,7.2
Brute Abombinator,Mocha Latte,pictomancer,28192.384577202,41,7.2
Dancing Green,Duran Zagash,warrior,17195.629086599,3,7.2
Dancing Green,Eiken Ryu,gunbreaker,18902.554166167,13,7.2
Dancing Green,Duran Zagash,warrior,36098.2,4,7.2
Dancing Green,Kiara Blaiddyd,whitemage,16482.090541062,78,7.2
Dancing Green,Ou Gi,sage,14389.69178219,31,7.2
Dancing Green,Kiara Blaiddyd,whitemage,30871.8,71,7.2
Dancing Green,Zahya Virseli,redmage,25057.906529237,21,7.2
Dancing Green,Sanctus Nix,dancer,21537.095668038,20,7.2
Dancing Green,Bunny Senpaijp,reaper,23100.641870747,0,7.2
Dancing Green,Alvaena Yune,viper,34189.724661874,93,7.2
Dancing Green,Feral Jorex,darkknight,19071.116075105,17,7.2
Dancing Green,Tuffic Buffic,gunbreaker,21590.178841033,79,7.2
Dancing Green,Feral Jorex,darkknight,40661.3,60,7.2
Dancing Green,Mirandina Jorex,whitemage,14419.446045733,27,7.2
Dancing Green,Haru Morikaze,sage,12545.466867056,8,7.2
Dancing Green,Mirandina Jorex,whitemage,26964.9,13,7.2
Dancing Green,Virani Indaerus,dragoon,25401.639147383,5,7.2
Dancing Green,Suweh Femmi,dancer,22667.155631502,47,7.2
Dancing Green,Shina Rorkhan,viper,30553.545555243,35,7.2
Dancing Green,Rafal Chmiel,pictomancer,28940.66184352,77,7.2
Sugar Riot,Eva Anpan,paladin,13827.925721714,9,7.2
Sugar Riot,Sweetfish Barracuda,gunbreaker,16736.488867437,73,7.2
Sugar Riot,Eva Anpan,paladin,30564.4,29,7.2
Howling Blade,Dyras Eclipse,paladin,13818.404100907,42,7.2
Howling Blade,Malarix Holstrom,warrior,15174.410514572999,60,7.2
Howling Blade,Dyras Eclipse,paladin,28992.8,54,7.2
Sugar Riot,Ocelot Weapon,scholar,8077.1002922687,8,7.2
Sugar Riot,Vanke Boost,whitemage,11440.37660311,35,7.2
Sugar Riot,Ocelot Weapon,scholar,19517.5,17,7.2
Howling Blade,Wilter Viseria,astrologian,8100.2315157283,56,7.2
Howling Blade,Wingardium Leslieosa,scholar,5372.4204389602,16,7.2
Howling Blade,Wilter Viseria,astrologian,13472.7,27,7.2
Sugar Riot,Rua Alara,summoner,21448.102326601,75,7.2
Sugar Riot,Ohgr Teaurelin,dancer,18674.080479001,64,7.2
Sugar Riot,Ash Tyanu,reaper,20837.058006592,12,7.2
Sugar Riot,Valkurm Dunes,viper,23105.674326055,17,7.2
Howling Blade,Ohgr Teaurelin,blackmage,23279.040429284,72,7.2
Howling Blade,Sera Viseria,blackmage,20482.490587076,48,7.2
Howling Blade,Ash Tyanu,reaper,22962.578299585,81,7.2
Howling Blade,Grey Squrriel,reaper,7729.712384692,3,7.2
Dancing Green,Esmeray Morfran,paladin,20006.314251767,46,7.2
Dancing Green,Oromun Wuromun,gunbreaker,20426.768064858,44,7.2
Dancing Green,Esmeray Morfran,paladin,40433.1,57,7.2
Dancing Green,Not-a Team-player,whitemage,11517.532335546,2,7.2
Dancing Green,Sarai Arulaq,sage,11893.01631526,4,7.2
Dancing Green,Not-a Team-player,whitemage,23410.5,0,7.2
Dancing Green,Neon Prince,bard,20646.289530174,17,7.2
Dancing Green,Raimondaux Guillestet,reaper,28784.130588179,38,7.2
Dancing Green,Herlock Shomes,viper,30672.295125583,37,7.2
Dancing Green,Virtual Meliodas,pictomancer,26653.686177886,36,7.2
Dancing Green,Nitus Hyenborn,paladin,19732.14725766,38,7.2
Dancing Green,Magic Beans,warrior,20106.055775657,49,7.2
Dancing Green,Nitus Hyenborn,paladin,39838.2,58,7.2
Sugar Riot,Nitus Hyenborn,paladin,16428.672680947,76,7.2
Sugar Riot,Magic Beans,warrior,16431.678714593,64,7.2
Sugar Riot,Nitus Hyenborn,paladin,32860.4,91,7.2
Brute Abombinator,Nitus Hyenborn,paladin,18920.174179241,27,7.2
Brute Abombinator,Magic Beans,warrior,19711.676688885,57,7.2
Brute Abombinator,Nitus Hyenborn,paladin,38631.9,54,7.2
Dancing Green,Vienna Rubix,whitemage,15807.592423775,61,7.2
Dancing Green,Sessa Sunbow,sage,15943.295495865,68,7.2
Dancing Green,Vienna Rubix,whitemage,31750.9,83,7.2
Sugar Riot,Vienna Rubix,whitemage,14063.437103186,92,7.2
Sugar Riot,Sessa Sunbow,sage,13998.828128242,96,7.2
Sugar Riot,Vienna Rubix,whitemage,28062.3,98,7.2
Brute Abombinator,Vienna Rubix,whitemage,15662.401881718,61,7.2
Brute Abombinator,Sessa Sunbow,sage,15517.903074412,76,7.2
Brute Abombinator,Vienna Rubix,whitemage,31180.3,85,7.2
Dancing Green,Searth Stormcurse,blackmage,24886.013693177,3,7.2
Dancing Green,Riku Thedawn,machinist,25086.655097719,9,7.2
Dancing Green,Melcena Sedai,samurai,26161.343744238002,3,7.2
Dancing Green,Katherine Zane,viper,32156.115314955,70,7.2
Sugar Riot,Searth Stormcurse,blackmage,24125.733872239,50,7.2
Sugar Riot,Melcena Sedai,samurai,23000.816836092,24,7.2
Sugar Riot,Riku Thedawn,dancer,17421.762621275,21,7.2
Sugar Riot,Katherine Zane,viper,24682.733514279,49,7.2
Brute Abombinator,Searth Stormcurse,blackmage,29130.134243379,13,7.2
Brute Abombinator,Riku Thedawn,machinist,26973.339685927,18,7.2
Brute Abombinator,Melcena Sedai,samurai,30616.007901697,34,7.2
Brute Abombinator,Katherine Zane,viper,29312.596654125,12,7.2
Dancing Green,Amarushaya Rakashi,darkknight,20199.033346255,46,7.2
Dancing Green,Nora Light,warrior,20373.506099321,58,7.2
Dancing Green,Amarushaya Rakashi,darkknight,40572.5,70,7.2
Dancing Green,Atori Kan,scholar,12677.274564305,41,7.2
Dancing Green,Blucz Ludenberg,whitemage,16597.184167333,80,7.2
Dancing Green,Atori Kan,scholar,29274.5,78,7.2
Dancing Green,Ninjax Ackerman,summoner,25055.663419744,27,7.2
Dancing Green,Hana Crow,samurai,27041.096434606,4,7.2
Dancing Green,Ohhyo Hyohyo,dancer,22984.545087139,57,7.2
Sugar Riot,Ember Roux,paladin,15848.301030141,62,7.2
Sugar Riot,Natsumi Ao,warrior,13457.68964961,3,7.2
Sugar Riot,Ember Roux,paladin,29306,19,7.2
Sugar Riot,Charlotte Smokinghot,astrologian,9285.0445368215,37,7.2
Sugar Riot,Ketsuna Dango,sage,10852.274493032,29,7.2
Sugar Riot,Charlotte Smokinghot,astrologian,20137.3,38,7.2
Sugar Riot,Alexander Storm,bard,18030.434304072,62,7.2
Sugar Riot,Leih Tarik,blackmage,20940.698639866,4,7.2
Sugar Riot,Miss Winters,dragoon,25556.983305536,93,7.2
Sugar Riot,Akagami Haibhailie,viper,23333.549384504,20,7.2
Dancing Green,Shikono Mao,darkknight,20407.011871491,53,7.2
Dancing Green,Haze Degurechaff,paladin,20620.841410658,67,7.2
Dancing Green,Shikono Mao,darkknight,41027.9,72,7.2
Sugar Riot,Shikono Mao,darkknight,17961.897535305,92,7.2
Sugar Riot,Haze Degurechaff,paladin,15599.77666297,55,7.2
Sugar Riot,Shikono Mao,darkknight,33561.7,91,7.2
Brute Abombinator,Shikono Mao,darkknight,19413.111114136,33,7.2
Brute Abombinator,Haze Degurechaff,paladin,18712.80906422,20,7.2
Brute Abombinator,Shikono Mao,darkknight,38125.9,29,7.2
Dancing Green,Forte Soleil,astrologian,11422.701312442,23,7.2
Dancing Green,Qina Vivi,sage,14955.846474574,43,7.2
Dancing Green,Forte Soleil,astrologian,26378.5,41,7.2
Sugar Riot,Forte Soleil,astrologian,7983.0945849218,9,7.2
Sugar Riot,Qina Vivi,sage,11873.842226366,57,7.2
Sugar Riot,Forte Soleil,astrologian,19856.9,32,7.2
Brute Abombinator,Forte Soleil,astrologian,10437.574586062,7,7.2
Brute Abombinator,Qina Vivi,sage,13169.051151858,12,7.2
Brute Abombinator,Forte Soleil,astrologian,23606.6,6,7.2
Dancing Green,Tomomo Bloode,blackmage,27596.01160496,14,7.2
Dancing Green,Syznrael Kiendelfisnl,machinist,28306.854876637,67,7.2
Dancing Green,Pink Papaya,samurai,29291.946118843,21,7.2
Dancing Green,Genevive Greystone,reaper,28285.724762578,29,7.2
Sugar Riot,Tomomo Bloode,blackmage,20931.659023093,4,7.2
Sugar Riot,Syznrael Kiendelfisnl,machinist,22100.410284922,67,7.2
Sugar Riot,Pink Papaya,samurai,24795.241107437,60,7.2
Sugar Riot,Genevive Greystone,reaper,21196.6287475,17,7.2
Brute Abombinator,Tomomo Bloode,blackmage,30505.456138491,40,7.2
Brute Abombinator,Genevive Greystone,dragoon,28205.878637796,34,7.2
Brute Abombinator,Syznrael Kiendelfisnl,machinist,25103.36399208,0,7.2
Brute Abombinator,Pink Papaya,samurai,31284.792088638,49,7.2
Brute Abombinator,Delu Sional,paladin,19240.024186539,38,7.2
Brute Abombinator,Arturio Cosades,warrior,18805.522089112,22,7.2
Brute Abombinator,Delu Sional,paladin,38045.5,38,7.2
Brute Abombinator,Kaien Morgant,whitemage,12764.698235139,3,7.2
Brute Abombinator,Narmora Dracenda,sage,15113.117418087,64,7.2
Brute Abombinator,Kaien Morgant,whitemage,27877.8,19,7.2
Brute Abombinator,Matthew Lowes,ninja,27672.715316881,27,7.2
Brute Abombinator,Mini Syndra,summoner,25251.719889649,16,7.2
Brute Abombinator,Minako Izayoi,samurai,32441.057270936,75,7.2
Brute Abombinator,Yukii Naria,dancer,22083.649144023,29,7.2
